Workbook

Sheet Dashboard
A1: Task 6: Executive Dashboard
A2: Khadija Nafale Likoro | C11-CGRCE-17281 (GRC102)
A4: Top Risks | B4: Annual Financial Impact
A5: Database Injection | B5: =ALE!D6 -> 31250000
A6: Session Hijacking | B6: =ALE!D7 -> 3000000
A7: API Bypass | B7: =ALE!D5 -> 750000
A9: Recommended Controls | B9: Upfront Cost | C9: Maintenance per Year
A10: WAF | B10: =Controls!C6 -> 150000 | C10: =Controls!D6 -> 25000
A11: MFA Enhancement | B11: =Controls!C7 -> 200000 | C11: =Controls!D7 -> 30000
A12: API Security Gateway | B12: =Controls!C5 -> 350000 | C12: =Controls!D5 -> 50000
A13: Total | B13: =SUM(B10:B12) -> 700000 | C13: =SUM(C10:C12) -> 105000
A15: Key Result | B15: Value
A16: ALE before controls | B16: =ALE!D8 -> 35000000
A17: ALE after controls | B17: =Controls!C22 -> 8037500
A18: Risk reduction per year | B18: =B16-B17 -> 26962500
A19: Risk reduction percent | B19: =B18/B16 -> 0.77035714
A20: Year 1 cost of all controls | B20: =Controls!H8 -> 805000
A21: Overall Year 1 ROI | B21: =(B18-B20)/B20 -> 32.493789

Sheet Inputs
A1: Inputs: SecureMobile Assessment Data
A2: Khadija Nafale Likoro | C11-CGRCE-17281 (GRC102)
A3: Item | B3: Value | C3: Note
A4: API bypass exploit probability | B4: 0.15 | C4: Given in the lab dataset
A5: API bypass maximum single incident loss | B5: 5000000 | C5: Given in the lab dataset
A6: Database injection exploit probability | B6: 0.25 | C6: Given in the lab dataset
A7: Records at risk | B7: 500000 | C7: Given in the lab dataset
A8: Cost per record | B8: 250 | C8: Given in the lab dataset
A9: Session hijacking exploit probability | B9: 0.4 | C9: Given in the lab dataset
A10: Accounts at risk | B10: 5000 | C10: Given in the lab dataset
A11: Average loss per account | B11: 1500 | C11: Given in the lab dataset
A13: Control | B13: Initial cost | C13: Effectiveness | D13: Maintenance per year
A14: Advanced API Security Gateway | B14: 350000 | C14: 0.9 | D14: 50000
A15: Web Application Firewall (WAF) | B15: 150000 | C15: 0.75 | D15: 25000
A16: Multi-Factor Authentication Enhancement | B16: 200000 | C16: 0.95 | D16: 30000
A18: Blue cells are inputs from the lab. Change them and every sheet updates.

Sheet ALE
A1: Task 1 and 2: ALE and Risk Priority Matrix
A2: Khadija Nafale Likoro | C11-CGRCE-17281 (GRC102)
A4: Vulnerability | B4: SLE | C4: ARO | D4: ALE | E4: Share of Total | F4: Priority
A5: API Authentication Bypass | B5: =Inputs!B5 -> 5000000 | C5: =Inputs!B4 -> 0.15 | D5: =B5*C5 -> 750000 | E5: =D5/$D$8 -> 0.021428571 | F5: =IF(E5>0.5,"CRITICAL",IF(E5>0.05,"HIGH","MEDIUM")) -> MEDIUM
A6: Database Injection | B6: =Inputs!B7*Inputs!B8 -> 125000000 | C6: =Inputs!B6 -> 0.25 | D6: =B6*C6 -> 31250000 | E6: =D6/$D$8 -> 0.89285714 | F6: =IF(E6>0.5,"CRITICAL",IF(E6>0.05,"HIGH","MEDIUM")) -> CRITICAL
A7: Session Hijacking | B7: =Inputs!B10*Inputs!B11 -> 7500000 | C7: =Inputs!B9 -> 0.4 | D7: =B7*C7 -> 3000000 | E7: =D7/$D$8 -> 0.085714286 | F7: =IF(E7>0.5,"CRITICAL",IF(E7>0.05,"HIGH","MEDIUM")) -> HIGH
A8: Total | D8: =SUM(D5:D7) -> 35000000 | E8: =SUM(E5:E7) -> 1
A10: Formula: ALE = SLE x ARO. Priority is CRITICAL above 50% of total ALE and HIGH above 5% and MEDIUM otherwise.

Sheet Controls
A1: Task 4 and 5: Control Cost-Benefit Analysis
A2: Khadija Nafale Likoro | C11-CGRCE-17281 (GRC102)
A4: Control | B4: Protects Against | C4: Initial Investment | D4: Annual Maintenance | E4: Effectiveness | F4: ALE Covered | G4: Risk Reduction per Year | H4: Year 1 Cost | I4: ROI Year 1 | J4: Payback Years | K4: Payback Days
A5: API Gateway | B5: API Bypass | C5: =Inputs!B14 -> 350000 | D5: =Inputs!D14 -> 50000 | E5: =Inputs!C14 -> 0.9 | F5: =ALE!D5 -> 750000 | G5: =F5*E5 -> 675000 | H5: =C5+D5 -> 400000 | I5: =(G5-H5)/H5 -> 0.6875 | J5: =C5/(G5-D5) -> 0.56 | K5: =J5*365 -> 204.4
A6: WAF | B6: Database Injection | C6: =Inputs!B15 -> 150000 | D6: =Inputs!D15 -> 25000 | E6: =Inputs!C15 -> 0.75 | F6: =ALE!D6 -> 31250000 | G6: =F6*E6 -> 23437500 | H6: =C6+D6 -> 175000 | I6: =(G6-H6)/H6 -> 132.92857 | J6: =C6/(G6-D6) -> 0.006406834 | K6: =J6*365 -> 2.3384944
A7: MFA Enhancement | B7: Session Hijacking | C7: =Inputs!B16 -> 200000 | D7: =Inputs!D16 -> 30000 | E7: =Inputs!C16 -> 0.95 | F7: =ALE!D7 -> 3000000 | G7: =F7*E7 -> 2850000 | H7: =C7+D7 -> 230000 | I7: =(G7-H7)/H7 -> 11.391304 | J7: =C7/(G7-D7) -> 0.070921986 | K7: =J7*365 -> 25.886525
A8: All three | C8: =SUM(C5:C7) -> 700000 | D8: =SUM(D5:D7) -> 105000 | F8: =SUM(F5:F7) -> 35000000 | G8: =SUM(G5:G7) -> 26962500 | H8: =SUM(H5:H7) -> 805000 | I8: =(G8-H8)/H8 -> 32.493789 | J8: =C8/(G8-D8) -> 0.026063483 | K8: =J8*365 -> 9.5131714
A9: ROI = (Risk reduction - Year 1 cost) / Year 1 cost. Payback = Initial / (Risk reduction - Maintenance).
A11: Time | B11: Cumulative Net Benefit
A12: Start | B12: =-C8 -> -700000
A13: Year 1 | B13: =B12+$G$8-$D$8 -> 26157500
A14: Year 2 | B14: =B13+$G$8-$D$8 -> 53015000
A15: Year 3 | B15: =B14+$G$8-$D$8 -> 79872500
A18: Risk | B18: Before Controls | C18: After Controls
A19: API Bypass | B19: =ALE!D5 -> 750000 | C19: =B19-G5 -> 75000
A20: Database Injection | B20: =ALE!D6 -> 31250000 | C20: =B20-G6 -> 7812500
A21: Session Hijacking | B21: =ALE!D7 -> 3000000 | C21: =B21-G7 -> 150000
A22: Total | B22: =SUM(B19:B21) -> 35000000 | C22: =SUM(C19:C21) -> 8037500

Sheet Budget
A1: Bonus: Control Selection by Budget
A2: Khadija Nafale Likoro | C11-CGRCE-17281 (GRC102)
A4: Upfront Budget | B4: Best Choice | C4: Risk Reduction per Year | D4: Upfront Cost Used
A5: Up to $150000 | B5: WAF only | C5: =Controls!G6 -> 23437500 | D5: =Controls!C6 -> 150000
A6: Up to $350000 | B6: WAF and MFA | C6: =Controls!G6+Controls!G7 -> 26287500 | D6: =Controls!C6+Controls!C7 -> 350000
A7: $700000 or more | B7: All three controls | C7: =Controls!G8 -> 26962500 | D7: =Controls!C8 -> 700000
A10: Residual Risk Summary | B10: Value
A11: Current ALE | B11: =ALE!D8 -> 35000000
A12: Residual ALE after all controls | B12: =Controls!C22 -> 8037500
A13: Risk reduction percent | B13: =1-B12/B11 -> 0.77035714
A15: The WAF gives the best return because database injection is the largest risk.

Sheet Heat Map
A1: Task 3: Risk Heat Map
A2: Khadija Nafale Likoro | C11-CGRCE-17281 (GRC102)
B4: Low impact (under $1M) | C4: Medium impact ($1M to $10M) | D4: High impact (over $10M)
A5: High probability (over 30%) | C5: Session Hijacking (HIGH)
A6: Medium probability (20% to 30%) | D6: Database Injection (CRITICAL)
A7: Low probability (under 20%) | C7: API Bypass (MEDIUM)
A9: Legend:
A10: High
A11: Medium-High
A12: Medium
A13: Low

Sheet Timeline
A1: Task 7: Risk Treatment Timeline (Gantt)
A2: Khadija Nafale Likoro | C11-CGRCE-17281 (GRC102)
A4: Activity | B4: Phase | C4: Start Month | D4: Duration | E4: M1 | F4: M2 | G4: M3 | H4: M4 | I4: M5 | J4: M6 | K4: M7 | L4: M8 | M4: M9 | N4: M10 | O4: M11 | P4: M12
A5: Emergency patching and monitoring | B5: First 30 days | C5: 1 | D5: 2
A6: WAF deployment | B6: First 30 days | C6: 1 | D6: 2
A7: MFA rollout | B7: Within 90 days | C7: 2 | D7: 3
A8: API Gateway procurement and setup | B8: Within 1 year | C8: 3 | D8: 6
A9: Penetration test retest | B9: Within 1 year | C9: 10 | D9: 1
A10: Ongoing monitoring and review | B10: Within 1 year | C10: 10 | D10: 3

Sheet Charts
A1: Required Graphs
A2: Khadija Nafale Likoro | C11-CGRCE-17281 (GRC102)
